family,pair,n,both_correct,both_wrong,a_right_b_wrong,b_right_a_wrong,diff_pt,p_exact,p_cc,holm_exact,bh_exact
A,stock_rekv_w25 vs writetime_tax075,1465,614,551,179,121,3.96,0.001,0.001,0.0203,0.0203
A,mukv_paper vs stock_rekv_w25,1465,634,561,111,159,-3.28,0.0041,0.0042,0.0829,0.0373
A,writetime_05fps vs writetime_tax075,1465,685,647,83,50,2.25,0.0053,0.0055,0.1012,0.0373
A,writetime_rawbias vs writetime_tax075,1465,682,649,81,53,1.91,0.0193,0.0197,0.3481,0.1015
A,stock_rekv_w25 vs writetime_tax025,1465,654,567,139,105,2.32,0.0344,0.0346,0.5851,0.1446
A,deferred vs writetime_tax075,1465,683,654,76,52,1.64,0.0416,0.0421,0.6662,0.1457
A,deferred vs stock_rekv_w25,1465,627,540,132,166,-2.32,0.0557,0.0559,0.8361,0.1672
A,writetime_tax025 vs writetime_tax075,1465,662,633,97,73,1.64,0.0774,0.0777,1.0,0.1909
A,stock_rekv_w25 vs writetime_rawbias,1465,639,548,154,124,2.05,0.0818,0.082,1.0,0.1909
A,stock_rekv_w25 vs writetime_05fps,1465,649,553,144,119,1.71,0.1388,0.1389,1.0,0.2914
A,mukv_paper vs writetime_05fps,1465,607,559,138,161,-1.57,0.2032,0.2033,1.0,0.3879
A,mukv_paper vs writetime_rawbias,1465,606,563,139,157,-1.23,0.3231,0.3231,1.0,0.5654
A,deferred vs mukv_paper,1465,610,571,149,135,0.96,0.4405,0.4405,1.0,0.6679
A,mukv_paper vs writetime_tax025,1465,607,568,138,152,-0.96,0.4453,0.4452,1.0,0.6679
A,deferred vs writetime_05fps,1465,698,636,61,70,-0.61,0.4847,0.4846,1.0,0.6786
A,writetime_05fps vs writetime_tax025,1465,686,624,82,73,0.61,0.5206,0.5205,1.0,0.6833
A,mukv_paper vs writetime_tax075,1465,580,565,165,155,0.68,0.615,0.6149,1.0,0.7596
A,writetime_05fps vs writetime_rawbias,1465,699,633,69,64,0.34,0.7289,0.7287,1.0,0.8116
A,deferred vs writetime_rawbias,1465,722,665,37,41,-0.27,0.7343,0.7341,1.0,0.8116
A,writetime_rawbias vs writetime_tax025,1465,688,631,75,71,0.27,0.804,0.8039,1.0,0.8442
A,deferred vs writetime_tax025,1465,688,635,71,71,0.0,1.0,0.9331,1.0,1.0
B,deferred vs oracle_patch,316,121,163,9,23,-4.43,0.0201,0.0216,0.3009,0.1215
B,oracle_default vs oracle_patch,316,120,162,10,24,-4.43,0.0243,0.0258,0.3403,0.1215
B,oracle_patch vs oracle_seg,316,120,162,24,10,4.43,0.0243,0.0258,0.3403,0.1215
B,oracle_default vs writetime_05fps,316,118,162,12,24,-3.8,0.0652,0.0668,0.7829,0.1957
B,oracle_seg vs writetime_05fps,316,118,162,12,24,-3.8,0.0652,0.0668,0.7829,0.1957
B,deferred vs writetime_05fps,316,116,160,14,26,-3.8,0.0807,0.082,0.8069,0.2017
B,deferred vs oracle_frame,316,115,164,15,22,-2.22,0.324,0.3239,1.0,0.486
B,oracle_default vs oracle_frame,316,115,164,15,22,-2.22,0.324,0.3239,1.0,0.486
B,oracle_frame vs oracle_patch,316,122,157,15,22,-2.22,0.324,0.3239,1.0,0.486
B,oracle_frame vs oracle_seg,316,115,164,22,15,2.22,0.324,0.3239,1.0,0.486
B,oracle_frame vs writetime_05fps,316,116,153,21,26,-1.58,0.5601,0.5596,1.0,0.7637
B,oracle_patch vs writetime_05fps,316,123,153,21,19,0.63,0.8746,0.8744,1.0,1.0
B,deferred vs oracle_default,316,116,172,14,14,0.0,1.0,0.8501,1.0,1.0
B,deferred vs oracle_seg,316,116,172,14,14,0.0,1.0,0.8501,1.0,1.0
B,oracle_default vs oracle_seg,316,130,186,0,0,0.0,1.0,1.0,1.0,1.0
