family,pair,n,both_correct,both_wrong,a_right_b_wrong,b_right_a_wrong,diff_pt,p_exact,p_cc
A,stock_rekv_w25 vs writetime_tax075,1465,614,551,179,121,3.96,0.001,0.001
A,mukv_paper vs stock_rekv_w25,1465,634,561,111,159,-3.28,0.0041,0.0042
A,stock_rekv_w25 vs writetime,1465,638,562,155,110,3.07,0.0068,0.0069
A,writetime_rawbias vs writetime_tax075,1465,682,649,81,53,1.91,0.0193,0.0197
A,stock_rekv_w25 vs writetime_tax025,1465,654,567,139,105,2.32,0.0344,0.0346
A,deferred vs writetime_tax075,1465,683,654,76,52,1.64,0.0416,0.0421
A,deferred vs stock_rekv_w25,1465,627,540,132,166,-2.32,0.0557,0.0559
A,writetime vs writetime_rawbias,1465,724,678,24,39,-1.02,0.0769,0.0778
A,writetime_tax025 vs writetime_tax075,1465,662,633,97,73,1.64,0.0774,0.0777
A,stock_rekv_w25 vs writetime_rawbias,1465,639,548,154,124,2.05,0.0818,0.082
A,writetime vs writetime_tax075,1465,685,667,63,50,0.89,0.2589,0.259
A,deferred vs writetime,1465,705,663,54,43,0.75,0.3099,0.3099
A,mukv_paper vs writetime_rawbias,1465,606,563,139,157,-1.23,0.3231,0.3231
A,writetime vs writetime_tax025,1465,686,644,62,73,-0.75,0.3895,0.3894
A,deferred vs mukv_paper,1465,610,571,149,135,0.96,0.4405,0.4405
A,mukv_paper vs writetime_tax025,1465,607,568,138,152,-0.96,0.4453,0.4452
A,mukv_paper vs writetime_tax075,1465,580,565,165,155,0.68,0.615,0.6149
A,deferred vs writetime_rawbias,1465,722,665,37,41,-0.27,0.7343,0.7341
A,writetime_rawbias vs writetime_tax025,1465,688,631,75,71,0.27,0.804,0.8039
A,mukv_paper vs writetime,1465,600,572,145,148,-0.2,0.907,0.907
A,deferred vs writetime_tax025,1465,688,635,71,71,0.0,1.0,0.9331
B,deferred vs oracle_patch,316,121,163,9,23,-4.43,0.0201,0.0216
B,oracle_default vs oracle_patch,316,120,162,10,24,-4.43,0.0243,0.0258
B,oracle_patch vs oracle_seg,316,120,162,24,10,4.43,0.0243,0.0258
B,oracle_patch vs writetime,316,124,161,20,11,2.85,0.1496,0.1508
B,deferred vs oracle_frame,316,115,164,15,22,-2.22,0.324,0.3239
B,oracle_default vs oracle_frame,316,115,164,15,22,-2.22,0.324,0.3239
B,oracle_frame vs oracle_patch,316,122,157,15,22,-2.22,0.324,0.3239
B,oracle_frame vs oracle_seg,316,115,164,22,15,2.22,0.324,0.3239
B,deferred vs writetime,316,118,169,12,17,-1.58,0.4583,0.4576
B,oracle_default vs writetime,316,113,164,17,22,-1.58,0.5224,0.5218
B,oracle_seg vs writetime,316,113,164,17,22,-1.58,0.5224,0.5218
B,oracle_frame vs writetime,316,118,162,19,17,0.63,0.8679,0.8676
B,deferred vs oracle_default,316,116,172,14,14,0.0,1.0,0.8501
B,deferred vs oracle_seg,316,116,172,14,14,0.0,1.0,0.8501
B,oracle_default vs oracle_seg,316,130,186,0,0,0.0,1.0,1.0
